CustomerID,Name,Gender,Age,Location,JoinDate
001,Albert Okon,Female,25,Port Harcourt,2024-01-29
002,Troy Afolayan,Female,27,Lagos,2025-01-08
003,Elaine Osho,Female,64,Lagos,2022-08-04
004,Joseph Okafor,Female,46,Ibadan,2020-12-22
005,Richard Ezeugo,Female,22,Kano,2024-07-05
006,Jennifer Suleiman,Male,55,Enugu,2024-08-22
007,Roger Abiola,Female,34,Abuja,2023-01-31
008,Kristina Okon,Male,45,Port Harcourt,2021-08-15
009,George Eze,Male,60,Abuja,2024-08-03
010,Ryan Okafor,Male,40,Lagos,2021-06-15
011,Amy Ezeugo,Male,41,Lagos,2022-11-24
012,Andre Afolayan,Female,47,Enugu,2022-08-29
013,Eric Afolayan,Female,60,Enugu,2024-10-28
014,Shannon Uche,Male,62,Port Harcourt,2021-10-12
015,Susan Ogunleye,Male,44,Abuja,2022-05-11
016,Amanda Ojo,Female,48,Lagos,2022-07-02
017,Wesley Yakubu,Female,56,Enugu,2021-04-15
018,Sabrina Ogunleye,Female,61,Ibadan,2024-05-26
019,Patty Yakubu,Female,23,Kano,2022-02-22
020,Timothy Okonkwo,Male,44,Port Harcourt,2025-04-16
021,Sarah Adeyemi,Female,35,Kano,2022-07-18
022,Andrew Onwuka,Male,20,Abuja,2022-11-10
023,Nathan Akintola,Female,39,Ibadan,2021-09-22
024,Stephen Ekanem,Male,23,Lagos,2024-08-29
025,Eric Chukwuma,Female,20,Kano,2022-10-06
026,Randall Abiola,Female,43,Kano,2024-04-23
027,Dennis Osho,Female,35,Port Harcourt,2023-01-08
028,Casey Yakubu,Male,56,Kano,2023-03-21
029,Michael Uche,Male,37,Port Harcourt,2024-11-15
030,Brian Ojo,Male,47,Abuja,2023-08-18
031,Robin Yakubu,Female,44,Kano,2022-03-11
032,Timothy Yakubu,Female,25,Lagos,2023-09-03
033,Pamela Bassey,Male,25,Abuja,2023-11-16
034,Brandon Balogun,Female,44,Lagos,2021-11-12
035,Bruce Suleiman,Male,25,Port Harcourt,2022-03-06
036,Tyler Ogunleye,Male,19,Kano,2022-11-14
037,Tanya Ogundele,Female,54,Ibadan,2021-02-14
038,Amanda Ojo,Female,52,Lagos,2022-04-19
039,Benjamin Osho,Female,64,Abuja,2021-03-13
040,Brittany Uche,Male,36,Abuja,2021-10-19
041,Bradley Olawale,Male,46,Ibadan,2021-06-12
042,Kristina Chukwuma,Male,55,Port Harcourt,2025-02-26
043,Phyllis Chukwuma,Male,30,Kano,2022-03-22
044,Robert Ogundele,Male,33,Abuja,2022-01-21
045,Karen Ekanem,Male,45,Ibadan,2022-12-19
046,Victoria Uche,Male,31,Lagos,2024-09-16
047,Jeffery Adeyemi,Female,48,Lagos,2024-08-24
048,Mario Okafor,Female,53,Port Harcourt,2021-11-26
049,Todd Suleiman,Female,53,Kano,2022-06-25
050,Tyler Uche,Female,34,Ibadan,2023-06-01
051,Paige Danladi,Female,59,Enugu,2024-08-13
052,Daniel Eze,Female,48,Enugu,2024-02-22
053,James Akintola,Female,37,Enugu,2023-03-18
054,Thomas Suleiman,Male,32,Enugu,2025-03-23
055,Lonnie Ogunleye,Male,44,Enugu,2022-11-02
056,Elizabeth Abiola,Female,54,Lagos,2024-09-02
057,Kayla Osho,Female,30,Ibadan,2024-08-22
058,David Ekanem,Female,26,Kano,2023-12-26
059,Jeffrey Obi,Male,43,Lagos,2022-05-10
060,Rebecca Olawale,Male,27,Lagos,2025-06-09
061,Julia Eze,Female,28,Lagos,2020-11-28
062,Dawn Onwuka,Male,60,Enugu,2024-12-23
063,Stephanie Adebayo,Female,26,Lagos,2021-11-23
064,Tracy Uche,Male,38,Ibadan,2021-08-02
065,Michael Okoye,Male,45,Enugu,2023-03-19
066,Jack Ogunleye,Male,32,Ibadan,2022-05-04
067,Anna Eze,Male,23,Kano,2020-10-09
068,Joshua Okon,Female,52,Port Harcourt,2022-10-15
069,Melissa Ogunleye,Male,28,Lagos,2020-12-25
070,Micheal Adeyemi,Male,57,Enugu,2021-10-03
071,Wendy Anyanwu,Male,63,Lagos,2022-03-09
072,William Akintola,Female,40,Ibadan,2023-03-12
073,Alexander Ezeugo,Male,25,Kano,2023-06-19
074,Michelle Idowu,Male,30,Port Harcourt,2025-07-28
075,Cindy Ekanem,Male,19,Kano,2025-04-30
076,Michelle Uche,Female,33,Abuja,2022-09-28
077,Francisco Onwuka,Female,62,Lagos,2021-07-09
078,James Ogundele,Female,19,Ibadan,2024-05-27
079,Brian Chukwuma,Male,52,Lagos,2021-07-25
080,Stacy Afolayan,Male,49,Enugu,2022-07-19
081,Kayla Balogun,Female,27,Enugu,2021-03-20
082,James Anyanwu,Male,32,Port Harcourt,2022-11-09
083,Matthew Bassey,Female,32,Lagos,2023-01-11
084,Laura Ekanem,Female,19,Port Harcourt,2021-08-11
085,Shelly Obi,Female,30,Port Harcourt,2023-04-27
086,Thomas Chukwuma,Female,43,Port Harcourt,2021-12-30
087,Jillian Okafor,Female,55,Kano,2022-09-07
088,Wendy Mohammed,Female,62,Ibadan,2023-08-25
089,Sean Ekanem,Male,59,Port Harcourt,2020-09-05
090,Jennifer Ogunleye,Female,31,Abuja,2021-06-20
091,Steven Danladi,Male,34,Enugu,2021-01-14
092,Crystal Anyanwu,Female,19,Enugu,2021-05-14
093,Austin Afolayan,Female,41,Enugu,2022-06-16
094,Kimberly Abiola,Female,54,Enugu,2022-07-11
095,Gail Ojo,Female,44,Abuja,2025-01-01
096,James Akintola,Female,59,Ibadan,2025-05-13
097,Mark Onwuka,Male,46,Enugu,2024-01-25
098,Beth Chukwuma,Female,56,Enugu,2023-10-09
099,Charlotte Chukwuma,Male,40,Kano,2022-12-01
100,Jennifer Ekanem,Male,31,Ibadan,2023-08-30
101,Penny Uche,Female,35,Abuja,2022-11-24
102,Peter Okafor,Male,19,Enugu,2021-11-12
103,Jeremy Suleiman,Male,65,Ibadan,2024-06-30
104,Keith Okonkwo,Female,21,Abuja,2024-04-23
105,Thomas Onwuka,Male,53,Kano,2024-08-02
106,Brandi Suleiman,Female,58,Ibadan,2021-01-15
107,Corey Osho,Male,49,Lagos,2022-07-07
108,Karen Suleiman,Male,21,Ibadan,2020-08-30
109,Robert Anyanwu,Male,47,Ibadan,2022-11-21
110,Ashley Eze,Male,23,Lagos,2021-02-18
111,Jennifer Mohammed,Female,46,Kano,2021-05-30
112,Kristen Eze,Female,58,Lagos,2024-06-09
113,Jennifer Abiola,Female,47,Enugu,2024-05-22
114,April Danladi,Male,34,Kano,2021-09-21
115,Angela Adeyemi,Male,65,Enugu,2021-11-24
116,Linda Chukwuma,Female,27,Ibadan,2025-06-18
117,Lori Osho,Female,47,Port Harcourt,2024-05-07
118,Michael Ezeugo,Female,44,Kano,2020-09-22
119,Claire Adeyemi,Male,44,Kano,2025-05-10
120,Danielle Abiola,Female,60,Kano,2025-08-12
121,Logan Obi,Female,21,Ibadan,2025-05-29
122,Steven Ogunleye,Male,32,Kano,2023-08-25
123,Reginald Eze,Female,36,Ibadan,2023-07-09
124,Roger Idowu,Female,30,Ibadan,2021-06-17
125,Rebecca Abiola,Female,22,Ibadan,2022-07-23
126,Heather Okon,Female,30,Port Harcourt,2025-02-24
127,Rebecca Ogundele,Male,62,Enugu,2022-08-07
128,Kevin Okonkwo,Female,60,Ibadan,2023-10-27
129,Michelle Suleiman,Male,65,Port Harcourt,2024-03-05
130,Justin Mohammed,Female,48,Ibadan,2023-03-11
131,Christopher Okonkwo,Male,60,Enugu,2024-03-26
132,Jose Obi,Female,35,Kano,2025-04-30
133,Jerry Eze,Male,25,Lagos,2022-09-07
134,Jonathan Balogun,Female,54,Kano,2022-05-01
135,Sean Ekanem,Female,33,Abuja,2022-08-04
136,Samuel Eze,Female,45,Enugu,2024-02-08
137,Judy Ojo,Male,46,Lagos,2024-02-19
138,Ronald Abiola,Male,46,Ibadan,2025-05-29
139,Michelle Adeyemi,Male,42,Kano,2023-09-13
140,Andrew Okon,Female,45,Enugu,2022-09-24
141,Christopher Adeyemi,Female,54,Lagos,2023-07-23
142,Barry Akinyemi,Male,45,Port Harcourt,2023-03-20
143,Debbie Obi,Female,57,Ibadan,2024-07-30
144,Kristin Danladi,Female,63,Lagos,2024-02-17
145,Tina Danladi,Female,24,Lagos,2024-12-15
146,Patrick Idowu,Male,45,Port Harcourt,2021-06-08
147,Stephen Mohammed,Female,50,Ibadan,2023-03-23
148,Timothy Yakubu,Male,28,Kano,2024-08-09
149,Samuel Adebayo,Male,52,Lagos,2024-05-01
150,Lisa Adeyemi,Male,23,Port Harcourt,2025-07-09
151,Amber Olawale,Female,22,Kano,2024-11-14
152,Jennifer Afolayan,Male,53,Lagos,2023-06-08
153,Matthew Bassey,Male,31,Enugu,2024-04-11
154,Sean Eze,Male,32,Abuja,2021-09-13
155,Nicole Mohammed,Female,60,Enugu,2025-02-14
156,Tracey Akintola,Male,30,Port Harcourt,2022-04-04
157,Stuart Akinyemi,Male,22,Abuja,2020-09-05
158,Bryan Ogunleye,Male,45,Ibadan,2020-10-08
159,Margaret Olawale,Male,48,Port Harcourt,2023-12-05
160,Tanya Olawale,Male,61,Ibadan,2025-04-01
161,Ana Uche,Male,21,Abuja,2022-06-16
162,Gary Ekanem,Female,54,Enugu,2024-08-13
163,Suzanne Eze,Male,27,Abuja,2023-08-29
164,Aaron Mohammed,Female,53,Lagos,2022-09-04
165,Brenda Anyanwu,Male,21,Port Harcourt,2020-11-23
166,Jenna Okonkwo,Male,52,Kano,2025-08-15
167,Rachel Eze,Female,52,Enugu,2022-08-21
168,Kevin Ojo,Male,56,Ibadan,2021-09-20
169,Melissa Okon,Male,44,Abuja,2024-04-15
170,Pamela Danladi,Male,21,Enugu,2020-09-13
171,Barbara Ekanem,Female,40,Abuja,2020-12-05
172,Robin Okonkwo,Male,40,Kano,2020-12-27
173,Carlos Bassey,Male,48,Kano,2023-12-27
174,Daisy Adebayo,Female,31,Lagos,2024-02-02
175,Alicia Chukwuma,Female,43,Lagos,2025-03-20
176,Summer Okoye,Male,56,Ibadan,2023-08-05
177,Whitney Osho,Male,30,Ibadan,2020-12-04
178,Katherine Onwuka,Female,41,Lagos,2022-10-21
179,Susan Okafor,Male,40,Enugu,2024-11-26
180,Martin Danladi,Male,49,Ibadan,2023-04-10
181,Lauren Onwuka,Female,41,Abuja,2022-09-26
182,Anthony Adeyemi,Male,30,Kano,2023-04-22
183,Justin Suleiman,Male,57,Port Harcourt,2022-06-12
184,Ricky Obi,Male,22,Ibadan,2022-06-24
185,Amanda Balogun,Male,45,Enugu,2024-01-27
186,Michael Chukwuma,Female,30,Kano,2020-09-04
187,Max Adebayo,Male,40,Enugu,2021-03-27
188,Lori Ojo,Male,34,Kano,2023-03-15
189,Richard Olawale,Male,51,Lagos,2021-10-22
190,Brandon Akinyemi,Female,62,Ibadan,2022-01-28
191,Emily Adeyemi,Female,47,Kano,2024-10-28
192,Nicole Okon,Male,64,Kano,2021-10-25
193,Joann Ogundele,Male,46,Port Harcourt,2024-10-02
194,Michael Osho,Female,24,Lagos,2021-05-12
195,Courtney Bassey,Male,64,Abuja,2021-08-28
196,Keith Anyanwu,Male,55,Abuja,2021-05-17
197,Gabrielle Mohammed,Male,53,Ibadan,2021-07-04
198,Donald Adebayo,Female,47,Port Harcourt,2020-08-25
199,Spencer Adebayo,Female,58,Kano,2021-12-22
200,Aaron Abiola,Female,45,Lagos,2021-07-06
201,Ashley Ogundele,Male,37,Port Harcourt,2025-03-26
202,Kenneth Ojo,Male,60,Enugu,2022-06-12
203,Kimberly Olawale,Female,31,Kano,2025-01-23
204,Mary Onwuka,Male,54,Kano,2024-03-29
205,Jonathan Anyanwu,Female,55,Kano,2025-02-15
206,Brent Ojo,Female,59,Lagos,2025-04-02
207,Betty Ojo,Male,65,Ibadan,2022-09-13
208,Christopher Afolayan,Male,35,Lagos,2021-05-20
209,Nicholas Onwuka,Male,26,Kano,2022-10-23
210,Jeremy Eze,Female,32,Enugu,2024-07-30
211,Joshua Onwuka,Female,32,Kano,2024-07-30
212,William Ezeugo,Female,52,Abuja,2022-05-13
213,Melissa Adebayo,Male,58,Kano,2022-03-14
214,Andrew Yakubu,Male,47,Enugu,2022-08-16
215,Robert Adeyemi,Female,46,Kano,2021-12-04
216,Candice Abiola,Female,56,Abuja,2022-06-20
217,Suzanne Idowu,Female,44,Abuja,2021-10-23
218,James Abiola,Female,20,Kano,2025-03-26
219,Kimberly Olawale,Male,64,Lagos,2024-03-23
220,Ryan Ogunleye,Male,39,Abuja,2023-07-09
221,James Abiola,Male,21,Port Harcourt,2024-09-26
222,Ruben Okafor,Female,49,Abuja,2021-12-29
223,Brian Adeyemi,Female,55,Abuja,2023-01-31
224,Gary Ogundele,Female,23,Enugu,2021-08-06
225,Gina Ogunleye,Male,62,Enugu,2022-08-11
226,Joseph Eze,Male,24,Abuja,2023-08-06
227,Megan Afolayan,Male,46,Kano,2025-05-31
228,Andrea Idowu,Female,28,Kano,2020-11-13
229,Michael Ogundele,Male,27,Lagos,2022-04-05
230,Debra Ezeugo,Female,65,Abuja,2022-06-27
231,Teresa Ogunleye,Male,64,Lagos,2024-07-13
232,Joseph Adeyemi,Female,21,Abuja,2021-05-11
233,Brandy Yakubu,Male,63,Abuja,2022-05-27
234,William Mohammed,Male,53,Port Harcourt,2025-01-31
235,David Akintola,Male,28,Enugu,2024-04-02
236,Amy Abiola,Male,61,Abuja,2021-01-07
237,Leslie Adebayo,Female,51,Ibadan,2021-03-24
238,James Ogunleye,Male,55,Ibadan,2021-12-07
239,Melissa Osho,Female,21,Abuja,2022-11-17
240,Elizabeth Uche,Female,50,Abuja,2021-02-08
241,Renee Ogundele,Female,49,Lagos,2022-01-28
242,Tammy Uche,Male,56,Lagos,2025-03-17
243,Michael Mohammed,Female,46,Ibadan,2025-06-18
244,Michael Chukwuma,Male,46,Port Harcourt,2021-10-10
245,Stephen Akinyemi,Male,34,Abuja,2024-11-17
246,Dawn Uche,Female,37,Lagos,2023-07-13
247,Nicole Uche,Male,27,Port Harcourt,2023-03-14
248,Holly Bassey,Female,50,Abuja,2023-03-22
249,Andrea Mohammed,Female,24,Abuja,2021-09-27
250,Bryan Suleiman,Female,24,Ibadan,2024-09-01
251,Erika Okafor,Female,44,Abuja,2021-02-07
252,Robin Obi,Female,52,Abuja,2024-11-23
253,Katherine Obi,Female,53,Abuja,2024-01-26
254,Ronald Okoye,Male,22,Kano,2020-10-29
255,Steven Ekanem,Male,19,Port Harcourt,2023-10-17
256,Sherry Okafor,Female,37,Lagos,2023-03-20
257,Erin Obi,Male,63,Ibadan,2024-01-17
258,Luke Ezeugo,Male,60,Port Harcourt,2023-07-14
259,Renee Adeyemi,Female,28,Kano,2025-02-25
260,Kimberly Yakubu,Female,55,Enugu,2025-08-21
261,Catherine Ogunleye,Female,65,Ibadan,2021-09-24
262,Mark Adeyemi,Female,26,Abuja,2021-12-03
263,Tanya Okafor,Male,25,Enugu,2021-02-08
264,Christy Okon,Male,60,Kano,2024-10-06
265,Janet Ogundele,Female,57,Kano,2022-07-25
266,Henry Balogun,Male,23,Kano,2021-08-23
267,Rebecca Danladi,Male,64,Enugu,2024-02-16
268,Julia Chukwuma,Female,28,Abuja,2024-11-14
269,David Obi,Female,27,Enugu,2021-01-07
270,Amy Idowu,Male,41,Kano,2024-08-12
271,Stacey Eze,Female,27,Kano,2021-07-14
272,Mark Okafor,Female,41,Ibadan,2025-05-03
273,Erika Okonkwo,Female,26,Lagos,2021-07-18
274,Lindsay Osho,Female,38,Lagos,2022-02-12
275,Cindy Okonkwo,Female,61,Enugu,2025-07-25
276,Samantha Uche,Male,41,Kano,2021-07-05
277,Kelly Adeyemi,Male,51,Abuja,2022-04-20
278,Tammy Abiola,Male,57,Ibadan,2021-07-19
279,Sean Ezeugo,Male,19,Kano,2023-01-15
280,Nicholas Obi,Female,39,Lagos,2025-05-15
281,Jeffrey Balogun,Female,65,Port Harcourt,2021-04-05
282,Todd Ojo,Female,28,Port Harcourt,2024-07-08
283,Andrea Ekanem,Female,44,Abuja,2022-09-17
284,Jared Balogun,Male,27,Lagos,2021-12-14
285,William Akinyemi,Male,25,Kano,2022-11-09
286,Eduardo Chukwuma,Male,48,Enugu,2025-06-23
287,Kevin Adebayo,Male,29,Lagos,2024-12-08
288,Matthew Idowu,Male,24,Kano,2024-11-17
289,Nancy Akintola,Male,51,Enugu,2022-07-15
290,Joseph Akintola,Male,23,Kano,2022-12-12
291,Keith Bassey,Male,59,Ibadan,2023-02-21
292,Carl Okonkwo,Male,50,Enugu,2024-08-01
293,Sarah Ogunleye,Male,57,Enugu,2024-01-31
294,Adrian Balogun,Female,32,Ibadan,2024-06-28
295,Olivia Yakubu,Female,63,Ibadan,2023-10-28
296,James Ogundele,Male,57,Port Harcourt,2021-02-28
297,Monica Okoye,Female,45,Kano,2025-07-27
298,Rebecca Yakubu,Male,29,Lagos,2022-12-11
299,Steven Okoye,Male,38,Kano,2025-01-12
300,Tammy Abiola,Male,52,Kano,2021-03-12
301,Spencer Afolayan,Male,56,Lagos,2023-11-14
302,Kyle Abiola,Female,19,Lagos,2022-03-30
303,James Onwuka,Male,55,Ibadan,2024-01-18
304,Melissa Bassey,Female,25,Enugu,2022-11-12
305,Sarah Okonkwo,Female,62,Kano,2024-02-15
306,Dawn Bassey,Female,58,Kano,2023-09-30
307,Troy Okon,Male,62,Lagos,2020-09-29
308,Nathan Obi,Male,61,Kano,2022-02-23
309,John Akintola,Male,64,Lagos,2024-04-14
310,Fred Okonkwo,Female,61,Lagos,2023-01-03
311,John Akinyemi,Male,41,Abuja,2023-06-02
312,Anthony Onwuka,Male,60,Ibadan,2023-02-07
313,Karen Olawale,Male,32,Enugu,2024-02-08
314,Tamara Akintola,Female,60,Port Harcourt,2023-03-24
315,Brandon Uche,Female,50,Abuja,2023-07-24
316,Dawn Ogunleye,Female,53,Kano,2023-12-08
317,Anthony Onwuka,Female,33,Abuja,2023-10-09
318,Andrea Okonkwo,Male,62,Ibadan,2021-02-14
319,Jose Adeyemi,Female,30,Lagos,2024-01-27
320,Sarah Uche,Female,31,Abuja,2020-10-31
321,Veronica Uche,Male,27,Lagos,2020-11-06
322,Johnny Okon,Female,49,Lagos,2023-11-18
323,Daniel Okon,Female,41,Enugu,2021-04-11
324,Martin Ezeugo,Male,54,Lagos,2023-09-12
325,Sandra Ekanem,Male,59,Ibadan,2022-08-07
326,Taylor Akinyemi,Male,24,Port Harcourt,2021-05-13
327,Adam Danladi,Male,40,Port Harcourt,2024-10-29
328,Gabriela Balogun,Male,21,Abuja,2021-12-01
329,Randall Anyanwu,Male,45,Abuja,2025-04-06
330,Charles Adeyemi,Female,64,Enugu,2024-09-23
331,William Suleiman,Female,57,Abuja,2025-05-12
332,Daniel Yakubu,Male,62,Enugu,2023-05-22
333,Mathew Idowu,Male,36,Port Harcourt,2024-03-04
334,Brandy Mohammed,Female,26,Kano,2025-05-17
335,Kirk Afolayan,Male,61,Port Harcourt,2023-12-20
336,Melissa Idowu,Female,35,Abuja,2021-06-11
337,James Afolayan,Female,45,Lagos,2022-11-19
338,Michael Suleiman,Female,48,Port Harcourt,2024-04-01
339,Shane Chukwuma,Male,59,Lagos,2025-05-03
340,Christian Balogun,Female,54,Kano,2022-11-24
341,Nicholas Akintola,Male,63,Port Harcourt,2024-12-16
342,Hunter Olawale,Male,63,Ibadan,2023-08-10
343,Timothy Okonkwo,Male,50,Enugu,2024-09-21
344,Lori Ogundele,Male,29,Lagos,2022-01-28
345,Lindsay Akintola,Male,41,Enugu,2023-06-28
346,Howard Okafor,Female,54,Enugu,2021-01-07
347,Russell Ojo,Female,43,Kano,2022-09-22
348,Tanya Danladi,Female,28,Enugu,2024-11-24
349,Robert Ezeugo,Male,59,Enugu,2024-03-24
350,Lauren Obi,Female,43,Port Harcourt,2024-09-04
351,Kenneth Ezeugo,Female,34,Lagos,2023-07-12
352,Laura Adebayo,Female,25,Kano,2025-03-21
353,Valerie Ogundele,Female,21,Ibadan,2024-10-26
354,Luke Mohammed,Male,19,Lagos,2024-09-17
355,Julia Ezeugo,Female,38,Kano,2021-03-15
356,Ellen Okoye,Female,30,Enugu,2021-11-25
357,Steven Anyanwu,Female,40,Abuja,2022-05-22
358,Marc Eze,Female,63,Kano,2025-04-29
359,James Yakubu,Female,47,Port Harcourt,2022-12-17
360,Sarah Okafor,Male,29,Ibadan,2022-02-16
361,Tyler Abiola,Male,45,Kano,2022-09-24
362,Angel Balogun,Male,21,Ibadan,2025-04-27
363,Meghan Eze,Female,39,Ibadan,2021-02-22
364,Susan Olawale,Male,37,Enugu,2023-06-19
365,Dylan Ogunleye,Female,27,Abuja,2023-08-07
366,Hayley Ogunleye,Male,20,Enugu,2023-02-04
367,Katrina Idowu,Female,49,Ibadan,2021-11-11
368,Bryan Ezeugo,Male,41,Ibadan,2022-07-14
369,Margaret Afolayan,Male,34,Port Harcourt,2022-03-12
370,Deborah Osho,Male,37,Port Harcourt,2024-06-27
371,Danielle Adeyemi,Male,49,Lagos,2023-12-06
372,Amanda Olawale,Female,24,Abuja,2021-06-18
373,Daniel Eze,Female,19,Kano,2022-07-12
374,Kimberly Balogun,Male,36,Port Harcourt,2022-03-21
375,Nicole Idowu,Female,50,Ibadan,2022-10-08
376,David Ojo,Male,28,Enugu,2023-07-04
377,Kerry Okon,Female,39,Enugu,2020-11-20
378,Bonnie Adeyemi,Male,50,Lagos,2021-11-22
379,Christopher Akinyemi,Female,49,Abuja,2022-04-13
380,Sarah Ezeugo,Female,61,Port Harcourt,2021-03-01
381,Tammy Ogundele,Female,41,Enugu,2024-10-04
382,Abigail Balogun,Male,23,Kano,2024-04-11
383,Deborah Okafor,Male,63,Port Harcourt,2022-12-19
384,Heather Ogunleye,Female,31,Kano,2025-01-29
385,Margaret Suleiman,Female,36,Abuja,2022-03-08
386,Dylan Balogun,Female,32,Lagos,2022-09-05
387,Kayla Ogunleye,Female,50,Lagos,2025-05-28
388,Luis Okafor,Male,58,Port Harcourt,2024-12-31
389,Ryan Idowu,Male,50,Port Harcourt,2022-05-07
390,Brian Osho,Female,24,Enugu,2023-02-19
391,Gregory Yakubu,Female,40,Kano,2025-01-05
392,Robert Akintola,Female,39,Kano,2024-09-08
393,John Okon,Male,28,Enugu,2022-08-05
394,Brent Anyanwu,Male,44,Kano,2021-03-15
395,Victoria Balogun,Female,25,Abuja,2022-11-04
396,Arthur Okoye,Female,19,Port Harcourt,2024-07-12
397,Emily Okoye,Male,48,Kano,2020-11-16
398,Anne Okafor,Female,58,Port Harcourt,2021-01-04
399,Bruce Abiola,Male,34,Lagos,2023-08-12
400,Brittney Abiola,Male,35,Kano,2024-08-04
401,Julian Danladi,Male,63,Ibadan,2023-06-22
402,Denise Ekanem,Female,45,Abuja,2024-08-31
403,Mitchell Ogundele,Female,60,Ibadan,2020-09-18
404,Timothy Okonkwo,Female,60,Ibadan,2020-11-21
405,Charles Mohammed,Female,25,Enugu,2023-11-13
406,Laura Okoye,Male,30,Lagos,2022-08-13
407,David Onwuka,Female,20,Abuja,2025-04-12
408,Peter Anyanwu,Female,60,Abuja,2023-08-27
409,Theresa Abiola,Female,25,Kano,2020-09-30
410,Cynthia Abiola,Male,20,Port Harcourt,2020-10-28
411,Lisa Uche,Female,55,Abuja,2021-10-10
412,Peter Mohammed,Female,21,Ibadan,2022-08-22
413,Samantha Ogundele,Male,59,Abuja,2021-05-11
414,Victor Adebayo,Female,41,Port Harcourt,2022-06-27
415,James Ogunleye,Female,61,Kano,2023-10-07
416,Gregory Adebayo,Male,65,Ibadan,2023-09-23
417,Danielle Olawale,Male,21,Lagos,2021-12-11
418,Mathew Eze,Male,31,Abuja,2021-12-07
419,Megan Danladi,Female,64,Enugu,2023-03-27
420,Richard Obi,Male,35,Kano,2025-04-29
421,Paula Chukwuma,Female,39,Lagos,2025-06-11
422,Brandon Ogundele,Male,28,Lagos,2022-01-19
423,Patricia Balogun,Female,36,Enugu,2024-08-01
424,Melanie Mohammed,Female,45,Kano,2022-08-23
425,Alexandra Suleiman,Male,41,Kano,2024-08-13
426,Clayton Uche,Female,40,Abuja,2021-02-19
427,Alicia Mohammed,Male,23,Ibadan,2023-02-02
428,Kendra Idowu,Male,37,Lagos,2023-09-05
429,Linda Afolayan,Male,40,Kano,2021-02-25
430,Ann Okafor,Male,20,Abuja,2023-05-23
431,Jessica Idowu,Male,26,Kano,2022-10-23
432,Heather Bassey,Female,34,Ibadan,2024-08-22
433,Christopher Ogunleye,Female,58,Abuja,2024-11-08
434,Lisa Balogun,Female,42,Port Harcourt,2024-04-05
435,Alicia Ezeugo,Female,36,Abuja,2025-06-01
436,Amanda Anyanwu,Male,29,Abuja,2023-01-03
437,Jason Balogun,Female,51,Ibadan,2023-09-14
438,Evelyn Akintola,Female,26,Ibadan,2021-09-26
439,Samuel Obi,Female,52,Ibadan,2022-09-30
440,David Idowu,Male,33,Abuja,2021-01-29
441,Steven Okonkwo,Male,52,Ibadan,2021-06-08
442,Mark Eze,Female,27,Port Harcourt,2025-02-22
443,Marcus Okon,Male,52,Kano,2022-04-02
444,Christine Okonkwo,Female,33,Abuja,2023-03-20
445,Thomas Yakubu,Male,38,Enugu,2024-10-12
446,Lori Akinyemi,Female,37,Kano,2025-04-05
447,Gloria Okonkwo,Female,33,Ibadan,2020-10-25
448,Alec Osho,Female,27,Kano,2022-02-23
449,Julia Okonkwo,Male,22,Ibadan,2023-02-02
450,Shelly Danladi,Female,25,Lagos,2025-07-24
451,Ann Obi,Female,62,Port Harcourt,2022-05-03
452,Thomas Mohammed,Male,55,Kano,2023-05-31
453,John Suleiman,Male,43,Ibadan,2022-06-09
454,Betty Abiola,Male,45,Kano,2025-07-16
455,Wyatt Osho,Male,24,Ibadan,2025-01-08
456,Stephanie Bassey,Male,19,Lagos,2023-12-29
457,Daniel Okonkwo,Female,57,Ibadan,2024-07-13
458,David Okoye,Female,38,Abuja,2024-04-23
459,Peter Obi,Male,51,Abuja,2020-09-17
460,Justin Uche,Male,40,Kano,2022-07-19
461,Erica Olawale,Female,28,Kano,2021-05-22
462,Amanda Akinyemi,Female,60,Abuja,2022-04-03
463,Bianca Bassey,Male,62,Kano,2024-04-06
464,Hannah Ogundele,Male,45,Kano,2024-09-09
465,Ashley Ogunleye,Female,39,Lagos,2023-12-13
466,Tammy Ezeugo,Female,61,Lagos,2023-04-26
467,Christine Anyanwu,Female,40,Abuja,2022-06-28
468,Thomas Okoye,Female,55,Lagos,2023-04-03
469,Kevin Yakubu,Female,59,Abuja,2021-01-21
470,Lee Yakubu,Male,41,Ibadan,2024-05-15
471,Melanie Anyanwu,Male,31,Kano,2023-07-30
472,Patrick Adebayo,Female,25,Enugu,2021-08-30
473,Maria Uche,Female,49,Port Harcourt,2021-05-29
474,Joanne Ogunleye,Male,51,Enugu,2020-09-09
475,Randy Mohammed,Male,22,Port Harcourt,2025-03-25
476,Holly Balogun,Male,27,Enugu,2025-02-05
477,Theresa Adeyemi,Male,51,Kano,2025-04-15
478,Patricia Obi,Male,35,Ibadan,2021-12-19
479,Yolanda Yakubu,Female,51,Abuja,2022-06-20
480,Megan Okonkwo,Female,31,Ibadan,2024-12-18
481,Sherry Adebayo,Female,55,Port Harcourt,2024-04-02
482,Alexandra Adebayo,Female,34,Kano,2022-09-29
483,Kelly Chukwuma,Male,27,Port Harcourt,2024-01-09
484,Ashley Bassey,Female,42,Port Harcourt,2022-09-21
485,Erica Ogunleye,Male,54,Enugu,2022-12-10
486,David Obi,Female,61,Enugu,2022-06-15
487,Nathan Uche,Female,22,Kano,2022-04-26
488,Sarah Akinyemi,Male,64,Ibadan,2025-01-17
489,Terri Akinyemi,Male,21,Abuja,2022-05-23
490,Jacqueline Okafor,Female,20,Port Harcourt,2021-02-24
491,Jessica Okafor,Male,51,Kano,2024-08-27
492,Kevin Ogundele,Male,60,Ibadan,2025-05-22
493,Evelyn Suleiman,Male,65,Ibadan,2024-03-29
494,Amber Ezeugo,Female,23,Lagos,2022-02-05
495,Tiffany Danladi,Female,26,Port Harcourt,2025-08-01
496,Kayla Adebayo,Male,63,Kano,2024-09-12
497,Preston Chukwuma,Female,28,Abuja,2024-11-23
498,Elizabeth Onwuka,Male,32,Lagos,2023-11-27
499,Jasmine Ogunleye,Female,59,Enugu,2023-09-24
500,Jonathan Okoye,Female,38,Abuja,2025-06-09
501,Lisa Okon,Female,62,Abuja,2021-07-23
502,Kathy Ogundele,Male,64,Port Harcourt,2021-10-11
503,Laura Danladi,Male,22,Ibadan,2021-02-17
504,Mary Danladi,Male,46,Kano,2022-06-29
505,Jeffrey Adeyemi,Female,44,Ibadan,2023-03-19
506,Robert Balogun,Male,31,Port Harcourt,2021-01-04
507,Joshua Olawale,Female,64,Lagos,2022-06-02
508,Melissa Okonkwo,Female,56,Lagos,2024-12-26
509,Maurice Abiola,Male,44,Ibadan,2021-10-12
510,Melissa Suleiman,Female,49,Enugu,2020-11-22
511,Tabitha Bassey,Male,37,Abuja,2024-01-29
512,Rebecca Idowu,Male,23,Ibadan,2025-03-29
513,Stephanie Bassey,Male,43,Enugu,2025-04-20
514,Christopher Yakubu,Female,38,Abuja,2022-04-29
515,Connie Chukwuma,Female,64,Kano,2023-12-17
516,Cynthia Bassey,Female,22,Enugu,2021-01-02
517,Alan Onwuka,Male,58,Enugu,2024-07-26
518,Brandon Okon,Female,63,Lagos,2021-03-31
519,Ashley Chukwuma,Male,25,Lagos,2022-07-29
520,Carrie Olawale,Female,55,Ibadan,2025-02-13
521,Jennifer Yakubu,Male,37,Kano,2021-07-30
522,Ryan Danladi,Male,35,Port Harcourt,2021-09-21
523,Shelley Abiola,Male,61,Abuja,2021-04-17
524,Joseph Okoye,Female,23,Abuja,2023-01-05
525,Donald Yakubu,Male,35,Kano,2025-05-19
526,Yesenia Balogun,Male,48,Enugu,2025-03-29
527,Seth Suleiman,Female,38,Kano,2023-05-28
528,Jacqueline Uche,Female,31,Lagos,2025-04-08
529,Tara Okon,Female,39,Lagos,2020-09-23
530,Daniel Suleiman,Female,38,Lagos,2025-04-14
531,Tiffany Akintola,Male,32,Kano,2023-09-18
532,Jennifer Obi,Female,26,Kano,2024-01-05
533,Brittany Akintola,Female,26,Ibadan,2023-06-25
534,Kyle Chukwuma,Female,46,Lagos,2023-09-14
535,Matthew Okafor,Male,23,Ibadan,2022-07-03
536,Mary Afolayan,Male,64,Kano,2022-03-10
537,Wanda Ogunleye,Male,56,Enugu,2021-03-09
538,James Onwuka,Male,50,Ibadan,2023-05-19
539,Preston Uche,Male,53,Port Harcourt,2024-06-20
540,Sarah Ezeugo,Female,22,Ibadan,2021-05-14
541,Omar Olawale,Male,48,Enugu,2025-03-08
542,Erica Danladi,Female,24,Kano,2021-01-07
543,Sierra Ezeugo,Female,21,Ibadan,2022-01-12
544,Karina Okafor,Female,59,Kano,2024-06-22
545,Timothy Adebayo,Male,41,Port Harcourt,2025-02-01
546,Debra Adeyemi,Female,27,Enugu,2024-09-10
547,Edward Akintola,Male,34,Kano,2021-02-15
548,Victoria Bassey,Male,45,Abuja,2021-04-14
549,John Ogundele,Male,32,Lagos,2022-10-06
550,Lee Okoye,Female,57,Lagos,2023-09-29
551,Paul Okoye,Male,41,Port Harcourt,2024-04-27
552,Bradley Yakubu,Male,52,Kano,2020-10-07
553,David Okoye,Male,19,Enugu,2021-06-20
554,Penny Obi,Male,47,Port Harcourt,2022-05-06
555,Jonathan Ojo,Male,23,Kano,2021-02-16
556,Heather Danladi,Female,54,Ibadan,2023-04-24
557,Kristin Ezeugo,Male,42,Enugu,2021-08-12
558,Eric Eze,Female,36,Abuja,2025-04-18
559,Catherine Idowu,Male,33,Ibadan,2022-02-03
560,Danny Yakubu,Female,22,Abuja,2024-02-01
561,Candice Balogun,Male,33,Port Harcourt,2021-03-25
562,Timothy Okoye,Male,20,Abuja,2022-06-08
563,Christine Adebayo,Female,28,Port Harcourt,2021-10-13
564,Diane Ezeugo,Male,56,Kano,2024-03-04
565,Joshua Yakubu,Female,41,Enugu,2021-12-25
566,Ashley Okafor,Male,44,Abuja,2023-02-21
567,David Adeyemi,Male,46,Kano,2023-06-18
568,Hannah Ojo,Female,54,Enugu,2023-02-19
569,Jeffrey Adebayo,Male,55,Port Harcourt,2022-04-30
570,Mary Uche,Female,45,Ibadan,2021-09-04
571,Alexa Okon,Male,49,Abuja,2023-12-22
572,Elizabeth Yakubu,Male,54,Ibadan,2023-06-27
573,Eduardo Idowu,Female,36,Enugu,2023-11-08
574,Samuel Mohammed,Female,49,Port Harcourt,2025-04-19
575,Luke Adebayo,Female,27,Enugu,2021-11-30
576,Thomas Akintola,Female,32,Port Harcourt,2025-07-11
577,Kayla Adeyemi,Male,32,Port Harcourt,2025-03-01
578,Veronica Ekanem,Male,46,Enugu,2022-01-16
579,Joseph Olawale,Male,46,Kano,2024-10-24
580,Joseph Bassey,Female,30,Kano,2025-02-12
581,Lauren Akinyemi,Female,33,Kano,2021-08-20
582,Daniel Bassey,Female,41,Abuja,2024-08-09
583,Gregory Obi,Female,45,Port Harcourt,2022-04-07
584,Jeffery Mohammed,Male,31,Kano,2023-01-28
585,Tina Abiola,Female,23,Abuja,2023-05-24
586,Erin Adebayo,Female,60,Abuja,2023-10-19
587,Carolyn Balogun,Male,40,Kano,2022-03-11
588,April Afolayan,Male,51,Abuja,2024-12-18
589,Kimberly Chukwuma,Female,47,Enugu,2021-04-07
590,Megan Onwuka,Female,25,Kano,2024-01-10
591,Gregory Abiola,Female,48,Enugu,2022-10-17
592,Theresa Ogundele,Male,65,Kano,2021-11-11
593,Alice Ekanem,Female,29,Kano,2021-05-31
594,Kendra Osho,Female,19,Ibadan,2022-10-01
595,Bradley Uche,Female,39,Lagos,2023-08-27
596,Nathaniel Olawale,Male,34,Port Harcourt,2020-12-09
597,William Uche,Female,45,Kano,2023-02-28
598,Shane Balogun,Male,54,Abuja,2023-04-20
599,Brendan Ekanem,Female,29,Abuja,2023-10-14
600,Alexis Suleiman,Female,22,Kano,2024-01-20
601,Leslie Osho,Male,44,Enugu,2020-10-07
602,Taylor Yakubu,Female,23,Port Harcourt,2021-07-25
603,Jared Bassey,Male,31,Port Harcourt,2024-10-06
604,Heidi Chukwuma,Male,29,Ibadan,2020-09-29
605,Julie Adebayo,Male,28,Port Harcourt,2025-01-25
606,Charles Afolayan,Female,45,Port Harcourt,2024-10-25
607,Amanda Adeyemi,Female,28,Enugu,2022-03-13
608,John Obi,Male,47,Enugu,2022-01-23
609,Kelsey Abiola,Male,31,Kano,2022-09-24
610,Frederick Ogunleye,Male,41,Kano,2020-12-29
611,Joseph Anyanwu,Female,34,Lagos,2022-01-09
612,Samantha Akintola,Female,24,Ibadan,2021-04-30
613,Christopher Suleiman,Female,24,Port Harcourt,2025-03-16
614,Dana Akinyemi,Female,47,Ibadan,2022-12-24
615,Jennifer Afolayan,Female,29,Lagos,2023-11-07
616,Brendan Yakubu,Female,56,Port Harcourt,2021-11-30
617,Emily Obi,Female,19,Ibadan,2023-03-09
618,Alan Obi,Male,54,Lagos,2023-12-09
619,Joshua Afolayan,Female,48,Lagos,2021-08-01
620,Courtney Adeyemi,Male,38,Port Harcourt,2024-10-18
621,Ruben Chukwuma,Male,34,Kano,2024-11-25
622,Robin Anyanwu,Male,59,Lagos,2024-11-12
623,Justin Adeyemi,Female,22,Port Harcourt,2021-04-23
624,Cameron Danladi,Male,63,Lagos,2023-05-28
625,Kathy Okoye,Male,56,Enugu,2024-01-03
626,Veronica Idowu,Female,47,Kano,2024-03-24
627,Megan Chukwuma,Female,28,Abuja,2025-02-02
628,Jeffery Okafor,Male,58,Lagos,2024-07-03
629,Michael Balogun,Male,35,Enugu,2020-10-16
630,Nancy Onwuka,Female,27,Enugu,2021-04-24
631,Bryan Osho,Male,54,Enugu,2025-01-07
632,Anthony Chukwuma,Female,44,Kano,2023-10-05
633,Mary Okon,Male,63,Kano,2024-04-12
634,Jocelyn Abiola,Female,58,Kano,2025-06-09
635,Christopher Mohammed,Female,59,Kano,2022-12-25
636,Mark Onwuka,Male,43,Enugu,2024-04-02
637,Alexander Balogun,Male,20,Kano,2024-04-17
638,Brooke Eze,Male,65,Enugu,2021-06-20
639,Kristen Olawale,Male,39,Port Harcourt,2021-05-31
640,Derrick Anyanwu,Male,44,Port Harcourt,2025-03-15
641,Amy Onwuka,Male,39,Port Harcourt,2024-09-25
642,Michael Abiola,Male,43,Kano,2022-04-26
643,Kelly Danladi,Male,48,Port Harcourt,2022-09-03
644,William Osho,Male,56,Enugu,2020-12-24
645,Jo Ogundele,Female,30,Kano,2020-08-27
646,Ashley Okonkwo,Female,49,Port Harcourt,2021-07-14
647,Kelly Osho,Female,37,Enugu,2025-03-18
648,Amber Obi,Female,45,Abuja,2024-09-14
649,Michelle Balogun,Female,39,Lagos,2024-02-26
650,Paula Adebayo,Female,65,Ibadan,2022-03-24
651,Randy Akinyemi,Male,44,Kano,2022-02-21
652,Amy Onwuka,Female,19,Ibadan,2023-08-23
653,Richard Ogunleye,Female,48,Ibadan,2024-06-03
654,Ryan Ogunleye,Male,40,Lagos,2023-09-22
655,Samuel Mohammed,Male,48,Port Harcourt,2024-11-12
656,Cynthia Adeyemi,Female,41,Port Harcourt,2020-11-04
657,Meghan Osho,Female,58,Ibadan,2020-09-04
658,Eric Ogundele,Male,60,Ibadan,2025-03-03
659,Joyce Chukwuma,Male,56,Lagos,2025-06-13
660,Bryan Adebayo,Female,57,Port Harcourt,2022-08-25
661,Daniel Adeyemi,Female,52,Port Harcourt,2023-12-28
662,John Ogunleye,Male,64,Port Harcourt,2023-02-18
663,Kaitlin Suleiman,Female,64,Kano,2025-06-29
664,Michael Okon,Female,23,Lagos,2022-10-27
665,Gregory Danladi,Female,26,Port Harcourt,2021-11-02
666,Tanya Adeyemi,Female,36,Port Harcourt,2022-11-07
667,Michael Okon,Male,20,Port Harcourt,2025-04-10
668,Emily Okafor,Male,56,Kano,2024-05-11
669,Michael Bassey,Male,26,Abuja,2024-05-18
670,Chad Osho,Male,35,Enugu,2020-10-31
671,Glenn Balogun,Female,28,Ibadan,2021-08-29
672,Jennifer Obi,Female,25,Abuja,2024-08-18
673,Cameron Akintola,Female,38,Lagos,2022-06-07
674,Michael Chukwuma,Female,62,Kano,2021-06-21
675,Tamara Yakubu,Female,43,Kano,2022-10-12
676,John Mohammed,Female,27,Ibadan,2023-11-08
677,Terry Anyanwu,Female,28,Ibadan,2023-07-15
678,Wendy Ojo,Female,23,Lagos,2021-03-17
679,Joshua Ezeugo,Female,65,Port Harcourt,2022-01-16
680,Shannon Obi,Female,46,Port Harcourt,2025-01-15
681,Nicholas Okonkwo,Male,25,Port Harcourt,2024-09-10
682,Katie Uche,Male,21,Kano,2024-12-26
683,Jennifer Ezeugo,Male,32,Port Harcourt,2023-11-26
684,Patrick Mohammed,Female,19,Lagos,2023-11-30
685,Anne Ezeugo,Female,50,Ibadan,2022-09-21
686,Andrew Okon,Female,52,Abuja,2021-08-19
687,Blake Chukwuma,Female,53,Lagos,2023-09-28
688,Tony Okoye,Male,54,Abuja,2024-05-08
689,Mark Balogun,Male,32,Port Harcourt,2021-10-22
690,Christopher Osho,Male,54,Enugu,2024-07-13
691,Brittany Danladi,Female,35,Lagos,2025-01-25
692,Jessica Ogunleye,Male,58,Port Harcourt,2022-01-13
693,Scott Uche,Female,36,Enugu,2024-08-27
694,Brittany Olawale,Male,46,Abuja,2024-05-21
695,Bailey Mohammed,Female,63,Kano,2021-06-09
696,Danny Adebayo,Male,25,Abuja,2024-10-03
697,Sandra Adeyemi,Male,25,Abuja,2023-07-16
698,Kristin Okafor,Male,42,Port Harcourt,2024-04-07
699,Melanie Idowu,Female,47,Port Harcourt,2025-07-24
700,Jodi Balogun,Male,61,Abuja,2021-01-25
701,Nancy Yakubu,Female,63,Enugu,2021-12-18
702,Claudia Yakubu,Female,56,Abuja,2025-08-14
703,Krista Chukwuma,Male,27,Lagos,2022-12-13
704,Lori Onwuka,Male,29,Ibadan,2022-03-10
705,Erica Suleiman,Female,58,Abuja,2024-12-24
706,Keith Okoye,Male,20,Kano,2024-01-09
707,Denise Akinyemi,Male,57,Ibadan,2023-03-18
708,Andrew Okoye,Male,30,Port Harcourt,2022-01-13
709,Raymond Anyanwu,Female,34,Enugu,2024-06-24
710,Matthew Akinyemi,Female,47,Port Harcourt,2021-02-15
711,Matthew Bassey,Male,54,Enugu,2025-06-25
712,Laura Adeyemi,Female,32,Lagos,2023-11-09
713,Alexander Akintola,Male,59,Lagos,2025-01-26
714,Sherry Okoye,Female,49,Ibadan,2021-02-01
715,Andrea Okon,Female,47,Port Harcourt,2021-06-11
716,Brandon Abiola,Male,33,Lagos,2020-10-29
717,Stephanie Bassey,Male,50,Enugu,2023-04-12
718,Michael Osho,Male,52,Lagos,2022-11-01
719,Tammy Danladi,Female,39,Abuja,2021-09-13
720,Danny Akinyemi,Male,51,Kano,2025-01-21
721,William Adebayo,Female,21,Kano,2024-06-30
722,Kurt Okoye,Male,19,Abuja,2021-11-10
723,Benjamin Bassey,Male,61,Lagos,2022-02-08
724,Jason Idowu,Female,51,Ibadan,2024-07-28
725,Ashley Okon,Male,53,Kano,2021-08-27
726,Elizabeth Okafor,Male,58,Enugu,2023-06-06
727,Alan Ogunleye,Female,63,Kano,2025-05-13
728,Christian Suleiman,Female,24,Enugu,2023-01-04
729,Anthony Osho,Male,28,Kano,2022-03-13
730,Stephanie Abiola,Female,60,Enugu,2020-12-26
731,Douglas Okoye,Female,30,Kano,2020-09-28
732,Jeremiah Akinyemi,Male,31,Ibadan,2020-09-18
733,Brian Chukwuma,Male,49,Kano,2025-08-23
734,Logan Ogundele,Female,21,Enugu,2022-02-19
735,Ryan Ezeugo,Male,45,Ibadan,2023-11-15
736,Thomas Yakubu,Female,58,Ibadan,2025-02-06
737,Cynthia Akinyemi,Female,44,Lagos,2023-05-16
738,Edwin Suleiman,Male,40,Ibadan,2024-01-03
739,Ashley Adebayo,Female,50,Lagos,2024-10-19
740,Drew Ezeugo,Male,54,Ibadan,2024-04-30
741,Amy Suleiman,Male,34,Port Harcourt,2024-10-30
742,Angela Eze,Female,19,Port Harcourt,2024-08-10
743,Monica Afolayan,Male,23,Port Harcourt,2024-09-11
744,Joseph Anyanwu,Female,55,Enugu,2022-11-23
745,Christopher Suleiman,Male,58,Abuja,2023-07-18
746,Lauren Abiola,Male,64,Abuja,2021-07-01
747,Jeffrey Bassey,Male,23,Port Harcourt,2022-10-11
748,Willie Danladi,Female,34,Abuja,2023-10-05
749,Richard Afolayan,Male,46,Enugu,2020-12-08
750,Linda Danladi,Female,57,Enugu,2021-07-09
751,Timothy Danladi,Female,60,Abuja,2024-09-12
752,Karen Ogunleye,Male,19,Kano,2024-09-27
753,Natasha Balogun,Male,26,Kano,2020-08-26
754,Mariah Okoye,Male,49,Port Harcourt,2023-10-02
755,Patricia Mohammed,Female,32,Port Harcourt,2025-06-30
756,Andrew Yakubu,Male,47,Enugu,2025-07-16
757,Benjamin Abiola,Female,63,Lagos,2022-07-24
758,Chelsea Mohammed,Female,40,Enugu,2024-01-21
759,Gregory Adeyemi,Male,52,Port Harcourt,2022-04-22
760,Samantha Osho,Male,58,Ibadan,2023-04-18
761,Kayla Okon,Male,29,Kano,2024-01-27
762,Matthew Okonkwo,Female,63,Abuja,2024-06-17
763,Amber Chukwuma,Female,63,Ibadan,2022-12-23
764,Julie Ogunleye,Female,50,Kano,2025-04-27
765,Rebecca Ezeugo,Female,65,Port Harcourt,2022-06-14
766,Diane Okoye,Male,54,Lagos,2025-01-15
767,Aaron Adebayo,Male,34,Ibadan,2025-08-19
768,Samantha Okoye,Female,24,Abuja,2023-08-26
769,Michael Onwuka,Female,46,Ibadan,2023-12-03
770,Rebecca Abiola,Female,44,Ibadan,2022-12-25
771,Joshua Obi,Male,30,Abuja,2021-07-24
772,Gloria Akinyemi,Male,45,Ibadan,2021-04-22
773,Angela Okonkwo,Female,35,Lagos,2021-04-25
774,Jessica Ojo,Female,54,Port Harcourt,2024-08-10
775,Michelle Akinyemi,Female,34,Enugu,2021-04-20
776,James Akinyemi,Male,62,Port Harcourt,2023-09-24
777,Kelly Afolayan,Female,23,Enugu,2021-08-13
778,Victor Bassey,Female,65,Kano,2022-12-09
779,Lori Ekanem,Male,39,Lagos,2021-10-19
780,Amy Idowu,Female,54,Port Harcourt,2025-02-28
781,Natalie Mohammed,Female,46,Ibadan,2023-08-02
782,Danielle Yakubu,Male,33,Ibadan,2024-12-01
783,John Adebayo,Male,60,Enugu,2021-09-09
784,Mark Okonkwo,Male,51,Abuja,2025-03-25
785,Steven Okafor,Female,53,Kano,2025-07-06
786,Tracy Okon,Male,31,Abuja,2023-08-22
787,Michael Adebayo,Female,59,Abuja,2024-04-22
788,Richard Mohammed,Female,51,Ibadan,2023-07-21
789,Michael Ogundele,Female,64,Abuja,2023-09-06
790,Alexander Idowu,Female,53,Ibadan,2022-12-20
791,Sara Abiola,Female,53,Abuja,2024-09-19
792,Charles Osho,Male,29,Kano,2025-06-02
793,Karen Okoye,Female,47,Lagos,2022-08-12
794,Kathleen Yakubu,Female,20,Ibadan,2021-12-16
795,Natasha Olawale,Female,26,Enugu,2023-02-19
796,Bonnie Adeyemi,Male,26,Ibadan,2023-04-14
797,Cassandra Afolayan,Male,21,Abuja,2025-02-22
798,Jennifer Suleiman,Male,41,Port Harcourt,2022-06-22
799,Jill Chukwuma,Male,60,Ibadan,2023-10-04
800,Joshua Onwuka,Male,41,Ibadan,2024-03-04
